{"stats":{"minecraft:crafted":{"minecraft:oak_planks":48,"minecraft:stone_shovel":5,"minecraft:leather_leggings":1,"minecraft:leather_boots":1,"minecraft:oak_pressure_plate":7,"minecraft:lever":5,"minecraft:observer":1,"minecraft:crafting_table":5,"minecraft:stick":20,"minecraft:leather_chestplate":1},"minecraft:picked_up":{"minecraft:crafting_table":3,"minecraft:ladder":5,"minecraft:structure_block":1,"minecraft:birch_button":3,"minecraft:light":1,"minecraft:heavy_weighted_pressure_plate":10,"minecraft:light_weighted_pressure_plate":1,"minecraft:oak_boat":1,"minecraft:observer":2,"minecraft:stick":9,"minecraft:oak_fence":1,"minecraft:redstone":18,"minecraft:stone_pressure_plate":9,"minecraft:red_shulker_box":3,"minecraft:command_block":3,"minecraft:cobblestone":22,"minecraft:barrier":1,"minecraft:repeater":12,"minecraft:oak_log":12,"minecraft:cherry_fence":1,"minecraft:map":14,"minecraft:dirt":1,"minecraft:paper":14,"minecraft:smooth_sandstone":10,"minecraft:bone":1,"minecraft:bamboo_fence":1,"minecraft:emerald_block":1,"minecraft:quartz":2,"minecraft:oak_pressure_plate":1,"minecraft:sand":32,"minecraft:spruce_door":65,"minecraft:birch_sign":5,"minecraft:spruce_button":2,"minecraft:bread":6,"minecraft:red_concrete":2,"minecraft:nether_star":1},"minecraft:dropped":{"minecraft:water_bucket":1,"minecraft:bread":14,"minecraft:nether_star":2,"minecraft:oak_fence":1,"minecraft:cobblestone":1,"minecraft:barrier":6,"minecraft:spruce_button":1,"minecraft:command_block":149,"minecraft:spruce_door":65,"minecraft:grass_block":1,"minecraft:light_weighted_pressure_plate":2,"minecraft:dirt":1,"minecraft:lava_bucket":1,"minecraft:repeater":6,"minecraft:iron_door":2,"minecraft:map":14,"minecraft:black_concrete":1,"minecraft:paper":5,"minecraft:redstone_block":1,"minecraft:armor_stand":1,"minecraft:redstone":14,"minecraft:red_concrete":1,"minecraft:emerald_block":1,"minecraft:coarse_dirt":64,"minecraft:obsidian":1,"minecraft:structure_block":11,"minecraft:bamboo_fence":1,"minecraft:light":1,"minecraft:stone":1,"minecraft:heavy_weighted_pressure_plate":4,"minecraft:andesite":1,"minecraft:ladder":5,"minecraft:chest":1,"minecraft:birch_sign":1,"minecraft:chain_command_block":4,"minecraft:purple_stained_glass_pane":1,"minecraft:nether_quartz_ore":1,"minecraft:cherry_fence":1,"minecraft:netherrack":1},"minecraft:custom":{"minecraft:mob_kills":133,"minecraft:interact_with_anvil":4,"minecraft:interact_with_crafting_table":24,"minecraft:open_barrel":2,"minecraft:open_shulker_box":31,"minecraft:eat_cake_slice":70,"minecraft:leave_game":18,"minecraft:time_since_death":120,"minecraft:climb_one_cm":23388,"minecraft:sprint_one_cm":1043168,"minecraft:walk_one_cm":1425783,"minecraft:drop":155,"minecraft:play_time":2401623,"minecraft:deaths":98,"minecraft:sneak_time":139933,"minecraft:walk_under_water_one_cm":2479,"minecraft:jump":9815,"minecraft:walk_on_water_one_cm":9098,"minecraft:total_world_time":2408471,"minecraft:interact_with_furnace":34,"minecraft:pot_flower":30,"minecraft:time_since_rest":120,"minecraft:damage_taken":9019,"minecraft:damage_dealt":7081,"minecraft:interact_with_beacon":2,"minecraft:fly_one_cm":16316935,"minecraft:open_chest":36,"minecraft:crouch_one_cm":206397,"minecraft:fall_one_cm":61000},"minecraft:used":{"minecraft:moss_block":343,"minecraft:oak_trapdoor":66,"minecraft:oak_fence":250,"minecraft:nether_brick_fence":1,"minecraft:jack_o_lantern":4,"minecraft:rose_bush":3,"minecraft:iron_bars":44,"minecraft:white_tulip":2,"minecraft:dead_bush":9,"minecraft:red_concrete":1684,"minecraft:smooth_quartz_slab":17,"minecraft:carved_pumpkin":4,"minecraft:redstone_ore":64,"minecraft:armor_stand":12,"minecraft:spruce_slab":3,"minecraft:stone_shovel":233,"minecraft:redstone":80,"minecraft:ladder":378,"minecraft:poppy":10,"minecraft:oak_sign":4,"minecraft:light_blue_terracotta":4,"minecraft:chest":70,"minecraft:stone":1730,"minecraft:brown_concrete":1,"minecraft:wither_skeleton_spawn_egg":5,"minecraft:bell":3,"minecraft:white_shulker_box":2,"minecraft:player_head":4,"minecraft:quartz_stairs":92,"minecraft:wooden_shovel":4,"minecraft:smooth_sandstone_stairs":7,"minecraft:sandstone_wall":106,"minecraft:mossy_stone_brick_slab":1,"minecraft:structure_block":479,"minecraft:farmland":28,"minecraft:netherrack":319,"minecraft:green_terracotta":3,"minecraft:debug_stick":334,"minecraft:orange_stained_glass":100,"minecraft:torch":7,"minecraft:dirt":438,"minecraft:anvil":21,"minecraft:lily_of_the_valley":7,"minecraft:nether_quartz_ore":3,"minecraft:cobblestone_wall":44,"minecraft:stone_stairs":14,"minecraft:cracked_deepslate_tiles":18,"minecraft:oak_wood":51,"minecraft:tuff":13,"minecraft:spruce_fence":8,"minecraft:light_blue_stained_glass":1,"minecraft:blue_concrete":364,"minecraft:oak_fence_gate":1,"minecraft:stripped_spruce_log":45,"minecraft:polished_diorite":1,"minecraft:obsidian":117,"minecraft:big_dripleaf":6,"minecraft:andesite_wall":102,"minecraft:purple_stained_glass_pane":97,"minecraft:glass":83,"minecraft:packed_ice":89,"minecraft:red_shulker_box":8,"minecraft:brown_terracotta":12,"minecraft:grass_block":1360,"minecraft:lava_bucket":45,"minecraft:sea_lantern":27,"minecraft:cyan_terracotta":10,"minecraft:coal_ore":18,"minecraft:bamboo_fence":104,"minecraft:bricks":19,"minecraft:light_gray_stained_glass":27,"minecraft:red_tulip":11,"minecraft:quartz_pillar":164,"minecraft:iron_block":90,"minecraft:oak_stairs":64,"minecraft:iron_axe":8,"minecraft:quartz_slab":13,"minecraft:yellow_stained_glass":181,"minecraft:lantern":3,"minecraft:light_weighted_pressure_plate":30,"minecraft:blue_orchid":6,"minecraft:spruce_button":7,"minecraft:slime_block":40,"minecraft:birch_sapling":18,"minecraft:acacia_slab":1,"minecraft:smooth_sandstone":180,"minecraft:spawner":3,"minecraft:quartz_block":49,"minecraft:copper_ore":21,"minecraft:red_candle":9,"minecraft:dark_oak_slab":16,"minecraft:smooth_quartz":374,"minecraft:stone_brick_stairs":274,"minecraft:barrel":20,"minecraft:stone_bricks":922,"minecraft:repeater":40,"minecraft:reinforced_deepslate":1,"minecraft:light_gray_wool":195,"minecraft:birch_button":7,"minecraft:purple_concrete":1,"minecraft:glowstone":1,"minecraft:red_carpet":1,"minecraft:magma_block":66,"minecraft:lime_concrete":17,"minecraft:bow":5,"minecraft:hay_block":19,"minecraft:emerald_block":123,"minecraft:scaffolding":34,"minecraft:soul_soil":2,"minecraft:oak_sapling":34,"minecraft:yellow_glazed_terracotta":88,"minecraft:furnace":14,"minecraft:black_dye":2,"minecraft:white_stained_glass_pane":9,"minecraft:gold_block":479,"minecraft:cyan_concrete_powder":5,"minecraft:stone_pressure_plate":59,"minecraft:red_dye":1,"minecraft:acacia_planks":4,"minecraft:cherry_fence":113,"minecraft:observer":11,"minecraft:orange_terracotta":3,"minecraft:lime_glazed_terracotta":63,"minecraft:end_rod":13,"minecraft:torchflower":5,"minecraft:quartz_bricks":146,"minecraft:dark_oak_stairs":8,"minecraft:emerald_ore":1,"minecraft:water_bucket":48,"minecraft:mossy_stone_bricks":1,"minecraft:diorite":41,"minecraft:leather_leggings":1,"minecraft:pink_tulip":2,"minecraft:iron_ore":51,"minecraft:cobblestone_stairs":8,"minecraft:light_blue_glazed_terracotta":71,"minecraft:dirt_path":25,"minecraft:pink_glazed_terracotta":60,"minecraft:spruce_door":10,"minecraft:birch_planks":1118,"minecraft:stripped_birch_log":170,"minecraft:polished_andesite":55,"minecraft:blackstone":1,"minecraft:oak_planks":741,"minecraft:smooth_sandstone_slab":78,"minecraft:orange_tulip":2,"minecraft:andesite_slab":87,"minecraft:cactus":2,"minecraft:ender_pearl":3,"minecraft:sandstone":56,"minecraft:redstone_block":235,"minecraft:cut_sandstone":46,"minecraft:diamond_axe":25,"minecraft:composter":1,"minecraft:structure_void":1,"minecraft:white_dye":1,"minecraft:fletching_table":1,"minecraft:beacon":2,"minecraft:glow_ink_sac":14,"minecraft:gold_ore":4,"minecraft:smooth_quartz_stairs":80,"minecraft:cracked_stone_bricks":118,"minecraft:oak_leaves":4,"minecraft:sand":192,"minecraft:white_wool":28,"minecraft:mossy_cobblestone":17,"minecraft:golden_apple":1,"minecraft:diamond_block":179,"minecraft:dark_oak_trapdoor":5,"minecraft:lime_terracotta":2,"minecraft:rail":4,"minecraft:vine":26,"minecraft:terracotta":6,"minecraft:yellow_terracotta":1,"minecraft:light_blue_concrete":69,"minecraft:oak_slab":13,"minecraft:crafting_table":28,"minecraft:birch_sign":168,"minecraft:yellow_stained_glass_pane":44,"minecraft:yellow_concrete":159,"minecraft:blue_ice":2,"minecraft:chiseled_quartz_block":94,"minecraft:note_block":8,"minecraft:gray_concrete":190,"minecraft:painting":4,"minecraft:cake":122,"minecraft:spruce_log":17,"minecraft:lightning_rod":9,"minecraft:black_concrete":423,"minecraft:deepslate_tiles":13,"minecraft:birch_fence":169,"minecraft:creeper_spawn_egg":1,"minecraft:oak_log":585,"minecraft:sticky_piston":33,"minecraft:black_terracotta":2,"minecraft:diamond_pickaxe":1,"minecraft:gray_terracotta":3,"minecraft:piston":3,"minecraft:lever":11,"minecraft:flower_pot":32,"minecraft:light":76,"minecraft:cornflower":5,"minecraft:black_wool":3,"minecraft:oxeye_daisy":4,"minecraft:birch_fence_gate":13,"minecraft:light_gray_concrete":20,"minecraft:sunflower":5,"minecraft:heavy_weighted_pressure_plate":97,"minecraft:command_block":860,"minecraft:wind_charge":70,"minecraft:barrier":1042,"minecraft:bread":14,"minecraft:iron_pickaxe":58,"minecraft:oak_button":2,"minecraft:stone_button":1,"minecraft:tnt_minecart":4,"minecraft:lapis_ore":3,"minecraft:white_glazed_terracotta":32,"minecraft:cyan_concrete":3,"minecraft:stone_slab":50,"minecraft:spruce_trapdoor":11,"minecraft:polished_granite":10,"minecraft:oak_pressure_plate":11,"minecraft:diamond_ore":16,"minecraft:iron_door":55,"minecraft:gravel":2,"minecraft:soul_lantern":2,"minecraft:chiseled_stone_bricks":7,"minecraft:blue_candle":7,"minecraft:diamond_sword":181,"minecraft:coal_block":10,"minecraft:cobblestone":242,"minecraft:chain_command_block":28,"minecraft:dark_oak_fence":4,"minecraft:stripped_oak_wood":236,"minecraft:birch_log":84,"minecraft:white_stained_glass":416,"minecraft:sandstone_slab":21,"minecraft:lapis_block":19,"minecraft:andesite":74,"minecraft:chain":86,"minecraft:smooth_stone_slab":65,"minecraft:oak_boat":1,"minecraft:stripped_oak_log":135,"minecraft:white_concrete":1331,"minecraft:gray_wool":34,"minecraft:dandelion":8,"minecraft:smooth_stone":144,"minecraft:bone_meal":170,"minecraft:splash_potion":3,"minecraft:birch_stairs":32},"minecraft:killed":{"minecraft:magma_cube":118,"minecraft:wither_skeleton":15},"minecraft:mined":{"minecraft:grass_block":1,"minecraft:oak_pressure_plate":1,"minecraft:redstone_ore":1,"minecraft:stone":15,"minecraft:cut_sandstone":1,"minecraft:observer":2,"minecraft:smooth_sandstone":16,"minecraft:crafting_table":3,"minecraft:dead_bush":7,"minecraft:nether_quartz_ore":2,"minecraft:cobblestone":7,"minecraft:red_concrete":9,"minecraft:light_gray_wool":5,"minecraft:oak_log":12,"minecraft:sand":35,"minecraft:stone_bricks":1,"minecraft:netherrack":5}},"DataVersion":4189}