{"stats":{"minecraft:dropped":{"minecraft:water_bucket":1,"minecraft:bread":6,"minecraft:oak_fence":1,"minecraft:barrier":4,"minecraft:cobblestone":1,"minecraft:spruce_button":1,"minecraft:command_block":148,"minecraft:spruce_door":65,"minecraft:grass_block":1,"minecraft:light_weighted_pressure_plate":2,"minecraft:lava_bucket":1,"minecraft:dirt":1,"minecraft:repeater":6,"minecraft:iron_door":2,"minecraft:map":14,"minecraft:black_concrete":1,"minecraft:paper":5,"minecraft:armor_stand":1,"minecraft:redstone":11,"minecraft:red_concrete":1,"minecraft:emerald_block":1,"minecraft:coarse_dirt":64,"minecraft:obsidian":1,"minecraft:structure_block":11,"minecraft:light":1,"minecraft:bamboo_fence":1,"minecraft:stone":1,"minecraft:heavy_weighted_pressure_plate":4,"minecraft:andesite":1,"minecraft:chest":1,"minecraft:ladder":5,"minecraft:birch_sign":1,"minecraft:chain_command_block":4,"minecraft:purple_stained_glass_pane":1,"minecraft:nether_quartz_ore":1,"minecraft:cherry_fence":1,"minecraft:netherrack":1},"minecraft:killed":{"minecraft:magma_cube":108,"minecraft:wither_skeleton":5},"minecraft:used":{"minecraft:oak_fence":250,"minecraft:oak_trapdoor":66,"minecraft:moss_block":343,"minecraft:nether_brick_fence":1,"minecraft:jack_o_lantern":4,"minecraft:rose_bush":3,"minecraft:iron_bars":44,"minecraft:dead_bush":2,"minecraft:white_tulip":2,"minecraft:red_concrete":1274,"minecraft:smooth_quartz_slab":17,"minecraft:carved_pumpkin":4,"minecraft:redstone_ore":64,"minecraft:armor_stand":12,"minecraft:spruce_slab":3,"minecraft:stone_shovel":212,"minecraft:redstone":80,"minecraft:ladder":378,"minecraft:poppy":10,"minecraft:oak_sign":4,"minecraft:light_blue_terracotta":4,"minecraft:chest":70,"minecraft:brown_concrete":1,"minecraft:stone":1727,"minecraft:green_terracotta":3,"minecraft:wooden_shovel":4,"minecraft:wither_skeleton_spawn_egg":5,"minecraft:white_shulker_box":2,"minecraft:bell":3,"minecraft:player_head":4,"minecraft:quartz_stairs":92,"minecraft:structure_block":479,"minecraft:mossy_stone_brick_slab":1,"minecraft:sandstone_wall":106,"minecraft:smooth_sandstone_stairs":7,"minecraft:farmland":28,"minecraft:netherrack":319,"minecraft:debug_stick":334,"minecraft:orange_stained_glass":100,"minecraft:torch":7,"minecraft:dirt":438,"minecraft:anvil":21,"minecraft:lily_of_the_valley":7,"minecraft:nether_quartz_ore":3,"minecraft:cobblestone_wall":44,"minecraft:stone_stairs":14,"minecraft:cracked_deepslate_tiles":18,"minecraft:oak_wood":51,"minecraft:tuff":13,"minecraft:spruce_fence":8,"minecraft:blue_concrete":363,"minecraft:light_blue_stained_glass":1,"minecraft:oak_fence_gate":1,"minecraft:stripped_spruce_log":45,"minecraft:polished_diorite":1,"minecraft:obsidian":117,"minecraft:big_dripleaf":6,"minecraft:andesite_wall":102,"minecraft:purple_stained_glass_pane":97,"minecraft:glass":83,"minecraft:brown_terracotta":12,"minecraft:red_shulker_box":8,"minecraft:cyan_terracotta":10,"minecraft:packed_ice":89,"minecraft:sea_lantern":27,"minecraft:lava_bucket":45,"minecraft:coal_ore":18,"minecraft:bamboo_fence":104,"minecraft:bricks":19,"minecraft:red_tulip":11,"minecraft:light_gray_stained_glass":27,"minecraft:quartz_pillar":164,"minecraft:grass_block":1360,"minecraft:iron_block":90,"minecraft:oak_stairs":64,"minecraft:quartz_slab":13,"minecraft:yellow_stained_glass":181,"minecraft:lantern":3,"minecraft:light_weighted_pressure_plate":30,"minecraft:blue_orchid":6,"minecraft:birch_sapling":18,"minecraft:slime_block":40,"minecraft:spruce_button":7,"minecraft:smooth_sandstone":176,"minecraft:acacia_slab":1,"minecraft:spawner":3,"minecraft:quartz_block":49,"minecraft:copper_ore":21,"minecraft:red_candle":9,"minecraft:dark_oak_slab":16,"minecraft:smooth_quartz":374,"minecraft:barrel":20,"minecraft:stone_brick_stairs":274,"minecraft:stone_bricks":922,"minecraft:light_gray_wool":195,"minecraft:repeater":40,"minecraft:birch_button":7,"minecraft:reinforced_deepslate":1,"minecraft:purple_concrete":1,"minecraft:glowstone":1,"minecraft:red_carpet":1,"minecraft:lime_concrete":17,"minecraft:magma_block":66,"minecraft:hay_block":19,"minecraft:emerald_block":123,"minecraft:scaffolding":34,"minecraft:soul_soil":2,"minecraft:oak_sapling":34,"minecraft:yellow_glazed_terracotta":88,"minecraft:furnace":14,"minecraft:black_dye":2,"minecraft:white_stained_glass_pane":9,"minecraft:gold_block":479,"minecraft:cyan_concrete_powder":5,"minecraft:stone_pressure_plate":51,"minecraft:acacia_planks":4,"minecraft:red_dye":1,"minecraft:cherry_fence":113,"minecraft:observer":8,"minecraft:orange_terracotta":3,"minecraft:lime_glazed_terracotta":63,"minecraft:quartz_bricks":146,"minecraft:end_rod":13,"minecraft:emerald_ore":1,"minecraft:dark_oak_stairs":8,"minecraft:mossy_stone_bricks":1,"minecraft:water_bucket":48,"minecraft:torchflower":5,"minecraft:diorite":41,"minecraft:leather_leggings":1,"minecraft:pink_tulip":2,"minecraft:iron_ore":51,"minecraft:cobblestone_stairs":8,"minecraft:light_blue_glazed_terracotta":71,"minecraft:dirt_path":25,"minecraft:pink_glazed_terracotta":60,"minecraft:spruce_door":10,"minecraft:birch_planks":1118,"minecraft:stripped_birch_log":170,"minecraft:polished_andesite":55,"minecraft:oak_planks":741,"minecraft:blackstone":1,"minecraft:smooth_sandstone_slab":78,"minecraft:orange_tulip":2,"minecraft:andesite_slab":87,"minecraft:cactus":2,"minecraft:sandstone":56,"minecraft:cut_sandstone":46,"minecraft:redstone_block":202,"minecraft:composter":1,"minecraft:structure_void":1,"minecraft:white_dye":1,"minecraft:beacon":2,"minecraft:fletching_table":1,"minecraft:glow_ink_sac":14,"minecraft:gold_ore":4,"minecraft:smooth_quartz_stairs":80,"minecraft:cracked_stone_bricks":118,"minecraft:oak_leaves":4,"minecraft:white_wool":28,"minecraft:yellow_terracotta":1,"minecraft:mossy_cobblestone":17,"minecraft:dark_oak_trapdoor":5,"minecraft:diamond_block":179,"minecraft:sand":180,"minecraft:lime_terracotta":2,"minecraft:vine":26,"minecraft:rail":4,"minecraft:terracotta":6,"minecraft:light_blue_concrete":69,"minecraft:oak_slab":13,"minecraft:crafting_table":23,"minecraft:birch_sign":159,"minecraft:yellow_stained_glass_pane":44,"minecraft:yellow_concrete":159,"minecraft:blue_ice":2,"minecraft:chiseled_quartz_block":94,"minecraft:note_block":8,"minecraft:gray_concrete":190,"minecraft:painting":4,"minecraft:cake":122,"minecraft:spruce_log":17,"minecraft:black_wool":3,"minecraft:lightning_rod":9,"minecraft:black_terracotta":2,"minecraft:deepslate_tiles":13,"minecraft:birch_fence":169,"minecraft:creeper_spawn_egg":1,"minecraft:oak_log":585,"minecraft:gray_terracotta":3,"minecraft:sticky_piston":33,"minecraft:black_concrete":423,"minecraft:piston":3,"minecraft:lever":6,"minecraft:flower_pot":32,"minecraft:light":76,"minecraft:diamond_pickaxe":1,"minecraft:cornflower":5,"minecraft:oxeye_daisy":4,"minecraft:birch_fence_gate":13,"minecraft:light_gray_concrete":20,"minecraft:sunflower":5,"minecraft:command_block":849,"minecraft:wind_charge":64,"minecraft:heavy_weighted_pressure_plate":97,"minecraft:barrier":1031,"minecraft:oak_button":2,"minecraft:stone_button":1,"minecraft:tnt_minecart":4,"minecraft:lapis_ore":3,"minecraft:cyan_concrete":3,"minecraft:white_glazed_terracotta":32,"minecraft:stone_slab":50,"minecraft:polished_granite":10,"minecraft:spruce_trapdoor":11,"minecraft:oak_pressure_plate":2,"minecraft:diamond_ore":16,"minecraft:iron_door":55,"minecraft:gravel":2,"minecraft:soul_lantern":2,"minecraft:chiseled_stone_bricks":7,"minecraft:blue_candle":7,"minecraft:diamond_sword":154,"minecraft:coal_block":10,"minecraft:cobblestone":242,"minecraft:chain_command_block":28,"minecraft:dark_oak_fence":4,"minecraft:stripped_oak_wood":236,"minecraft:birch_log":84,"minecraft:white_stained_glass":416,"minecraft:sandstone_slab":21,"minecraft:chain":86,"minecraft:andesite":74,"minecraft:lapis_block":19,"minecraft:smooth_stone_slab":65,"minecraft:stripped_oak_log":135,"minecraft:white_concrete":1331,"minecraft:gray_wool":34,"minecraft:dandelion":8,"minecraft:bone_meal":170,"minecraft:smooth_stone":144,"minecraft:birch_stairs":32},"minecraft:crafted":{"minecraft:leather_leggings":1,"minecraft:leather_boots":1,"minecraft:leather_chestplate":1},"minecraft:custom":{"minecraft:interact_with_anvil":4,"minecraft:mob_kills":113,"minecraft:interact_with_crafting_table":17,"minecraft:open_barrel":2,"minecraft:open_shulker_box":31,"minecraft:eat_cake_slice":70,"minecraft:leave_game":14,"minecraft:time_since_death":1050285,"minecraft:climb_one_cm":15576,"minecraft:sprint_one_cm":805539,"minecraft:walk_one_cm":1284051,"minecraft:drop":147,"minecraft:sneak_time":132055,"minecraft:play_time":2040920,"minecraft:deaths":31,"minecraft:walk_under_water_one_cm":2479,"minecraft:jump":7618,"minecraft:walk_on_water_one_cm":6966,"minecraft:total_world_time":2047651,"minecraft:interact_with_furnace":34,"minecraft:pot_flower":30,"minecraft:time_since_rest":1050285,"minecraft:damage_taken":1440,"minecraft:damage_dealt":4496,"minecraft:interact_with_beacon":2,"minecraft:fly_one_cm":14898778,"minecraft:open_chest":35,"minecraft:crouch_one_cm":189457,"minecraft:fall_one_cm":5667},"minecraft:mined":{"minecraft:stone_bricks":1},"minecraft:picked_up":{"minecraft:ladder":5,"minecraft:structure_block":1,"minecraft:birch_button":3,"minecraft:light":1,"minecraft:heavy_weighted_pressure_plate":10,"minecraft:light_weighted_pressure_plate":1,"minecraft:oak_fence":1,"minecraft:redstone":13,"minecraft:stone_pressure_plate":9,"minecraft:red_shulker_box":3,"minecraft:command_block":3,"minecraft:cobblestone":2,"minecraft:repeater":12,"minecraft:cherry_fence":1,"minecraft:map":14,"minecraft:dirt":1,"minecraft:paper":14,"minecraft:bone":1,"minecraft:emerald_block":1,"minecraft:bamboo_fence":1,"minecraft:spruce_door":65,"minecraft:birch_sign":5,"minecraft:spruce_button":2,"minecraft:bread":6}},"DataVersion":4189}